{
    "0": {
        "precision": 0.9767683172882919,
        "recall": 0.976036866359447,
        "f1-score": 0.9764024548362001,
        "support": 17360.0
    },
    "1": {
        "precision": 0.6419965576592083,
        "recall": 0.6492602262837249,
        "f1-score": 0.6456079619212463,
        "support": 1149.0
    },
    "accuracy": 0.9557512561456589,
    "macro avg": {
        "precision": 0.8093824374737502,
        "recall": 0.812648546321586,
        "f1-score": 0.8110052083787231,
        "support": 18509.0
    },
    "weighted avg": {
        "precision": 0.9559863867780637,
        "recall": 0.9557512561456589,
        "f1-score": 0.955867424723321,
        "support": 18509.0
    }
}